species,cultural_service_charismatic_species,ecotourism,carrion_control,pollination,top_down_regulation,seed_dispersal,pest_and_disease_control,nutrient_transporting_horizontal_and_vertical,ecosystem_engineering,rodent_control,disease_sentinelling
Abrawayaomys ruschii,0,0,0,0,0,0,0,0,0,0,0
Akodon azarae,0,0,0,0,0,0,1,0,0,0,1
Akodon cursor,0,0,0,0,0,0,1,0,0,0,0
Akodon lindberghi,0,0,0,0,0,0,1,0,0,0,0
Akodon montensis,0,0,0,1,0,0,1,0,0,0,0
Akodon mystax,0,0,0,0,0,0,1,0,0,0,0
Akodon paranaensis,0,0,0,0,0,0,1,0,0,0,0
Akodon reigi,0,0,0,0,0,0,1,0,0,0,0
Akodon sanctipaulensis,0,0,0,0,0,0,1,0,0,0,0
Akodon serrensis,0,0,0,0,0,0,1,0,0,0,0
Alouatta belzebul,1,0,0,0,0,1,0,0,0,0,1
Alouatta caraya,1,0,0,0,0,1,0,0,0,0,1
Alouatta discolor,1,0,0,0,0,1,0,0,0,0,1
Alouatta guariba,1,0,0,0,0,1,0,0,0,0,1
Alouatta juara,1,0,0,0,0,1,0,0,0,0,1
Alouatta macconnelli,1,0,0,0,0,1,0,0,0,0,1
Alouatta nigerrima,1,0,0,0,0,1,0,0,0,0,1
Alouatta puruensis,1,0,0,0,0,1,0,0,0,0,1
Alouatta seniculus,1,0,0,0,0,1,0,0,0,0,1
Alouatta ululata,1,0,0,0,0,1,0,0,0,0,1
Ametrida centurio,0,0,0,0,0,1,0,0,0,0,0
Anoura caudifer,0,0,0,1,0,1,0,0,0,0,0
Anoura geoffroyi,0,0,0,1,0,1,0,0,0,0,0
Aotus azarae,1,0,0,0,0,1,0,0,0,0,0
Aotus nancymaae,1,0,0,0,0,1,0,0,0,0,0
Aotus nigriceps,1,0,0,0,0,1,0,0,0,0,0
Aotus trivirgatus,1,0,0,0,0,1,0,0,0,0,0
Aotus vociferans,1,0,0,0,0,1,0,0,0,0,0
Artibeus concolor,0,0,0,1,0,1,0,0,0,0,0
Artibeus fimbriatus,0,0,0,1,0,1,0,0,0,0,0
Artibeus lituratus,0,0,0,1,0,1,0,0,0,0,0
Artibeus obscurus,0,0,0,0,0,1,0,0,0,0,0
Artibeus planirostris,0,0,0,1,0,1,0,0,0,0,0
Ateles belzebuth,1,0,0,0,0,1,0,0,0,0,0
Ateles chamek,1,0,0,0,0,1,0,0,0,0,0
Ateles marginatus,1,0,0,0,0,1,0,0,0,0,0
Ateles paniscus,1,0,0,0,0,1,0,0,0,0,0
Atelocynus microtis,0,0,0,0,0,0,0,0,0,1,0
Bassaricyon alleni,1,0,0,0,0,1,0,0,0,0,0
Bibimys labiosus,0,0,0,0,0,0,0,0,0,0,0
Blarinomys breviceps,0,0,0,0,0,0,1,0,0,0,0
Blastocerus dichotomus,1,1,0,0,0,0,0,1,0,0,1
Brachyteles arachnoides,1,1,0,1,0,1,0,0,0,0,0
Brachyteles hypoxanthus,1,0,0,1,0,1,0,0,0,0,0
Bradypus torquatus,1,0,0,0,0,0,0,0,0,0,0
Bradypus tridactylus,1,0,0,0,0,0,0,0,0,0,1
Bradypus variegatus,1,0,0,0,0,0,0,0,0,0,0
Brucepattersonius griserufescens,0,0,0,0,0,0,1,0,0,0,0
Brucepattersonius igniventris,0,0,0,0,0,0,1,0,0,0,0
Brucepattersonius iheringi,0,0,0,0,0,0,1,0,0,0,0
Brucepattersonius soricinus,0,0,0,0,0,0,1,0,0,0,0
Cabassous tatouay,1,0,0,0,0,1,1,1,1,0,1
Cabassous unicinctus,1,0,0,0,0,1,1,1,1,0,1
Cacajao ayresi,1,0,0,0,0,1,0,0,0,0,0
Cacajao calvus,1,1,0,0,0,1,0,0,0,0,0
Cacajao hosomi,1,0,0,0,0,1,0,0,0,0,0
Cacajao melanocephalus,1,0,0,0,0,1,0,0,0,0,0
Callibella humilis,1,0,0,0,0,0,0,0,0,0,0
Callicebus barbarabrownae,1,0,0,0,0,1,0,0,0,0,0
Callicebus coimbrai,1,0,0,0,0,1,0,0,0,0,0
Callicebus melanochir,1,0,0,0,0,1,0,0,0,0,0
Callicebus nigrifrons,1,0,0,0,0,1,0,0,0,0,0
Callicebus personatus,1,0,0,0,0,1,0,0,0,0,0
Callimico goeldii,1,0,0,0,0,1,0,0,0,0,0
Callistomys pictus,0,0,0,0,0,1,0,0,0,0,0
Callithrix aurita,1,0,0,0,0,1,0,0,0,0,0
Callithrix flaviceps,1,0,0,1,0,1,0,0,0,0,0
Callithrix geoffroyi,1,0,0,0,0,1,0,0,0,0,0
Callithrix jacchus,1,0,0,0,0,1,0,0,0,0,1
Callithrix kuhlii,1,0,0,1,0,1,0,0,0,0,0
Callithrix penicillata,1,0,0,0,0,1,0,0,0,0,0
Calomys callosus,0,0,0,0,0,0,0,0,0,0,0
Calomys expulsus,0,0,0,0,0,0,0,0,0,0,0
Calomys hummelincki,0,0,0,0,0,0,0,0,0,0,0
Calomys laucha,0,0,0,0,0,0,0,0,0,0,1
Calomys tener,0,0,0,0,0,0,0,0,0,0,0
Calomys tocantinsi,0,0,0,0,0,0,0,0,0,0,0
Caluromys lanatus,0,0,0,1,0,1,0,0,0,0,0
Caluromys philander,0,0,0,1,0,1,0,0,0,0,0
Caluromysiops irrupta,0,0,0,1,0,0,0,0,0,0,0
Carollia benkeithi,0,0,0,0,0,1,0,0,0,0,0
Carollia brevicauda,0,0,0,0,0,1,0,0,0,0,0
Carollia perspicillata,0,0,0,1,0,1,0,0,0,0,1
Carterodon sulcidens,0,0,0,0,0,0,0,1,0,0,0
Cavia aperea,1,0,0,0,0,0,0,0,0,0,1
Cavia fulgida,1,0,0,0,0,0,0,0,0,0,0
Cavia intermedia,1,0,0,0,0,0,0,0,0,0,0
Cavia magna,1,0,0,0,0,0,0,0,0,0,0
Cebuella niveiventris,1,0,0,0,0,0,0,0,0,0,0
Cebuella pygmaea,1,0,0,0,0,0,0,0,0,0,0
Cebus albifrons,1,0,0,0,0,1,0,0,0,0,0
Cebus castaneus,1,0,0,0,0,1,0,0,0,0,0
Cebus cuscinus,1,0,0,0,0,1,0,0,0,0,0
Cebus kaapori,1,0,0,0,0,1,0,0,0,0,0
Cebus olivaceus,1,0,0,0,0,1,0,0,0,0,0
Cebus unicolor,1,0,0,0,0,1,0,0,0,0,0
Centronycteris maximiliani,0,0,0,0,0,0,1,1,0,0,0
Cerdocyon thous,1,0,1,0,0,1,0,0,0,1,1
Cerradomys maracajuensis,0,0,0,0,0,0,0,0,0,0,0
Cerradomys marinhus,0,0,0,0,0,0,0,0,0,0,0
Cerradomys scotti,0,0,0,0,0,0,0,0,0,0,0
Cerradomys subflavus,0,0,0,0,0,0,0,0,0,0,0
Chaetomys subspinosus,1,0,0,0,0,0,0,0,0,0,0
Cheracebus lucifer,1,0,0,0,0,1,0,0,0,0,0
Cheracebus lugens,1,0,0,0,0,1,0,0,0,0,0
Cheracebus regulus,1,0,0,0,0,1,0,0,0,0,0
Cheracebus torquatus,1,0,0,0,0,1,0,0,0,0,0
Chiroderma doriae,0,0,0,0,0,1,0,0,0,0,0
Chiroderma trinitatum,0,0,0,0,0,1,0,0,0,0,0
Chiroderma villosum,0,0,0,0,0,1,0,0,0,0,0
Chiroderma vizottoi,0,0,0,0,0,1,0,0,0,0,0
Chironectes minimus,0,0,0,0,0,0,0,0,0,0,0
Chiropotes albinasus,1,0,0,0,0,1,0,0,0,0,0
Chiropotes chiropotes,1,0,0,0,0,1,0,0,0,0,0
Chiropotes sagulatus,1,0,0,0,0,1,0,0,0,0,0
Chiropotes satanas,1,0,0,0,0,1,0,0,0,0,0
Chiropotes utahickae,1,0,0,0,0,1,0,0,0,0,0
Choeroniscus minor,0,0,0,1,0,1,0,0,0,0,0
Choloepus didactylus,1,0,0,0,0,0,0,0,0,0,1
Choloepus hoffmanni,1,0,0,0,0,0,0,0,0,0,0
Chrotopterus auritus,0,0,0,0,0,1,0,0,0,0,0
Chrysocyon brachyurus,1,1,0,0,1,1,0,0,0,1,0
Clyomys laticeps,0,0,0,0,0,0,0,1,0,0,0
Coendou baturitensis,1,0,0,0,0,0,0,0,0,0,0
Coendou bicolor,1,0,0,0,0,0,0,0,0,0,0
Coendou insidiosus,1,0,0,0,0,0,0,0,0,0,0
Coendou melanurus,1,0,0,0,0,0,0,0,0,0,0
Coendou nycthemera,1,0,0,0,0,0,0,0,0,0,0
Coendou prehensilis,1,0,0,0,0,0,0,0,0,0,0
Coendou roosmalenorum,1,0,0,0,0,0,0,0,0,0,0
Coendou speratus,1,0,0,0,0,0,0,0,0,0,0
Coendou spinosus,1,0,0,0,0,0,0,0,0,0,0
Conepatus chinga,1,0,1,0,0,0,0,0,0,0,0
Conepatus semistriatus,1,0,1,0,0,0,0,0,0,0,1
Cormura brevirostris,0,0,0,0,0,0,1,0,0,0,0
Cryptonanus agricolai,0,0,0,0,0,1,0,0,0,0,0
Cryptonanus chacoensis,0,0,0,0,0,1,0,0,0,0,0
Cryptonanus guahybae,0,0,0,0,0,1,0,0,0,0,0
Ctenomys boliviensis,0,0,0,0,0,0,0,1,1,0,0
Ctenomys flamarioni,1,0,0,0,0,0,0,1,1,0,0
Ctenomys ibicuiensis,0,0,0,0,0,0,0,1,1,0,0
Ctenomys lami,0,0,0,0,0,0,0,1,1,0,0
Ctenomys minutus,0,0,0,0,0,0,0,1,1,0,0
Ctenomys torquatus,0,0,0,0,0,0,0,1,1,0,0
Cuniculus paca,1,0,0,0,0,1,0,0,0,0,1
Cyclopes didactylus,1,0,0,0,0,0,0,0,0,0,0
Cynomops abrasus,0,0,0,0,0,0,1,0,0,0,0
Cynomops greenhalli,0,0,0,0,0,0,1,0,0,0,0
Cynomops milleri,0,0,0,0,0,0,1,1,0,0,0
Cynomops paranus,0,0,0,0,0,0,1,0,0,0,0
Cynomops planirostris,0,0,0,0,0,0,1,0,0,0,0
Cyttarops alecto,0,0,0,0,0,0,1,0,0,0,0
Dactylomys boliviensis,0,0,0,0,0,0,0,0,0,0,0
Dactylomys dactylinus,0,0,0,0,0,0,0,0,0,0,0
Dasyprocta azarae,1,0,0,0,0,1,0,0,0,0,1
Dasyprocta croconota,1,0,0,0,0,1,0,0,0,0,0
Dasyprocta fuliginosa,1,0,0,0,0,1,0,0,0,0,0
Dasyprocta iacki,1,0,0,0,0,1,0,0,0,0,0
Dasyprocta leporina,1,1,0,0,0,1,0,0,0,0,1
Dasyprocta prymnolopha,1,0,0,0,0,1,0,0,0,0,0
Dasyprocta variegata,1,0,0,0,0,1,0,0,0,0,0
Dasypus hybridus,1,0,1,0,0,1,1,1,1,0,1
Dasypus kappleri,1,0,1,0,0,1,1,1,1,0,1
Dasypus novemcinctus,1,0,1,0,0,1,1,1,1,0,1
Dasypus septemcinctus,1,0,1,0,0,1,1,1,1,0,1
Delomys collinus,0,0,0,0,0,0,0,0,0,0,0
Delomys dorsalis,0,0,0,0,0,0,0,0,0,0,0
Delomys sublineatus,0,0,0,0,0,0,0,0,0,0,0
Deltamys kempi,0,0,0,0,0,0,0,0,0,0,0
Dermanura anderseni,0,0,0,0,0,1,0,1,0,0,0
Dermanura cinerea,0,0,0,0,0,1,0,1,0,0,0
Dermanura glauca,0,0,0,0,0,1,0,1,0,0,0
Dermanura gnoma,0,0,0,0,0,1,0,1,0,0,0
Dermanura phaeotis,0,0,0,1,0,1,0,0,0,0,0
Desmodus rotundus,0,0,0,0,0,0,0,0,0,0,1
Diaemus youngii,0,0,0,0,0,0,0,0,0,0,0
Diclidurus albus,0,0,0,0,0,0,1,0,0,0,0
Diclidurus ingens,0,0,0,0,0,0,1,0,0,0,0
Diclidurus isabella,0,0,0,0,0,0,1,0,0,0,0
Diclidurus scutatus,0,0,0,0,0,0,1,0,0,0,0
Didelphis albiventris,0,0,1,1,0,1,0,0,0,0,1
Didelphis aurita,0,0,1,1,0,1,0,0,0,0,1
Didelphis imperfecta,0,0,0,0,0,1,0,0,0,0,0
Didelphis marsupialis,0,0,1,1,0,0,0,0,0,0,1
Dinomys branickii,1,0,0,0,0,1,0,0,0,0,0
Diphylla ecaudata,0,0,0,0,0,0,0,0,0,0,1
Dryadonycteris capixaba,0,0,0,1,0,0,0,1,0,0,0
Drymoreomys albimaculatus,0,0,0,0,0,0,0,0,0,0,0
Echimys chrysurus,0,0,0,0,0,1,0,0,0,0,0
Echimys vieirai,0,0,0,0,0,1,0,0,0,0,0
Eira barbara,1,0,0,0,0,1,0,0,0,1,1
Eptesicus brasiliensis,0,0,0,0,0,0,1,0,0,0,0
Eptesicus chiriquinus,0,0,0,0,0,0,1,0,0,0,0
Eptesicus diminutus,0,0,0,0,0,0,1,0,0,0,0
Eptesicus furinalis,0,0,0,0,0,0,1,0,0,0,0
Eptesicus taddeii,0,0,0,0,0,0,1,0,0,0,0
Eumops auripendulus,0,0,0,0,0,0,1,0,0,0,0
Eumops bonariensis,0,0,0,0,0,0,1,0,0,0,0
Eumops dabbenei,0,0,0,0,0,0,1,0,0,0,0
Eumops delticus,0,0,0,0,0,0,1,0,0,0,0
Eumops glaucinus,0,0,0,0,0,0,1,0,0,0,0
Eumops hansae,0,0,0,0,0,0,1,0,0,0,0
Eumops maurus,0,0,0,0,0,0,1,0,0,0,0
Eumops patagonicus,0,0,0,0,0,0,1,0,0,0,0
Eumops perotis,0,0,0,0,0,0,1,0,0,0,0
Eumops trumbulli,0,0,0,0,0,0,1,0,0,0,0
Euphractus sexcinctus,1,0,0,0,0,1,1,1,1,0,1
Euryoryzomys emmonsae,0,0,0,0,0,0,0,0,0,0,0
Euryoryzomys lamia,0,0,0,0,0,0,0,0,0,0,1
Euryoryzomys macconnelli,0,0,0,0,0,0,0,0,0,0,0
Euryoryzomys nitidus,0,0,0,0,0,0,0,0,0,0,0
Euryoryzomys russatus,0,0,0,0,0,0,0,0,0,0,0
Euryzygomatomys spinosus,0,0,0,0,0,0,0,1,0,0,0
Furipterus horrens,0,0,0,0,0,0,1,0,0,0,0
Galea flavidens,1,0,0,0,0,0,0,0,0,0,0
Galea spixii,0,0,0,0,0,0,0,0,0,0,1
Galictis cuja,1,0,0,0,0,0,0,0,0,1,0
Galictis vittata,1,0,0,0,0,1,0,0,0,1,0
Gardnerycteris crenulatum,0,0,0,1,0,1,1,0,0,0,0
Glironia venusta,0,0,0,0,0,0,0,0,0,0,0
Glossophaga commissarisi,0,0,0,1,0,1,0,0,0,0,0
Glossophaga longirostris,0,0,0,1,0,1,0,0,0,0,0
Glossophaga soricina,0,0,0,1,0,1,0,0,0,0,0
Glyphonycteris behnii,0,0,0,0,0,1,0,0,0,0,0
Glyphonycteris daviesi,0,0,0,0,0,1,0,0,0,0,0
Glyphonycteris sylvestris,0,0,0,0,0,1,0,0,0,0,0
Gracilinanus agilis,0,0,0,0,0,1,0,0,0,0,1
Gracilinanus emiliae,0,0,0,0,0,1,0,0,0,0,0
Gracilinanus microtarsus,0,0,0,0,0,1,0,0,0,0,0
Graomys griseoflavus,0,0,0,0,0,0,0,0,0,0,1
Herpailurus yagouaroundi,0,0,0,0,0,0,0,0,0,1,1
Histiotus alienus,0,0,0,0,0,0,1,0,0,0,0
Histiotus velatus,0,0,0,0,0,0,1,0,0,0,0
Holochilus brasiliensis,0,0,0,0,0,0,0,0,0,0,0
Holochilus sciureus,0,0,0,0,0,0,0,0,0,0,0
Hydrochoerus hydrochaeris,1,1,0,0,0,0,0,0,0,0,1
Hyladelphys kalinowskii,0,0,1,0,0,1,1,0,0,0,0
Hylaeamys laticeps,0,0,0,0,0,0,0,0,0,0,1
Hylaeamys megacephalus,0,0,0,0,0,0,0,0,0,0,0
Hylaeamys oniscus,0,0,0,0,0,0,0,0,0,0,0
Hylaeamys perenensis,0,0,0,0,0,0,0,0,0,0,0
Hylaeamys yunganus,0,0,0,0,0,0,0,0,0,0,0
Isothrix bistriata,0,0,0,0,0,0,0,0,0,0,0
Isothrix negrensis,0,0,0,0,0,0,0,0,0,0,0
Isothrix pagurus,0,0,0,0,0,0,0,0,0,0,0
Isothrix sinnamariensis,0,0,0,0,0,0,0,0,0,0,0
Juliomys pictipes,0,0,0,0,0,1,0,0,0,0,0
Juliomys rimofrons,0,0,0,0,0,1,0,0,0,0,0
Juscelinomys candango,0,0,0,0,0,0,0,0,0,0,0
Kannabateomys amblyonyx,0,0,0,0,0,0,0,0,0,0,0
Kerodon acrobata,1,0,0,0,0,0,0,0,0,0,0
Kerodon rupestris,1,0,0,0,0,0,0,0,0,0,0
Kunsia tomentosus,0,0,0,0,0,0,0,1,0,0,0
Lagothrix lagothricha,1,0,0,0,0,1,0,0,0,0,0
Lampronycteris brachyotis,0,0,0,1,0,1,0,0,0,0,0
Lasiurus blossevillii,0,0,0,0,0,0,1,0,0,0,0
Lasiurus castaneus,0,0,0,0,0,0,1,0,0,0,0
Lasiurus cinereus,0,0,0,0,0,0,1,0,0,0,0
Lasiurus ebenus,0,0,0,0,0,0,1,0,0,0,1
Lasiurus ega,0,0,0,0,0,0,1,0,0,0,0
Lasiurus egregius,0,0,0,0,0,0,1,0,0,0,0
Lasiurus salinae,0,0,0,0,0,0,1,1,0,0,0
Leontocebus cruzlimai,1,0,0,0,0,1,0,0,0,0,0
Leontocebus fuscicollis,1,0,0,0,0,1,0,0,0,0,0
Leontocebus fuscus,1,0,0,0,0,1,0,0,0,0,0
Leontocebus nigricollis,1,0,0,0,0,1,0,0,0,0,0
Leontocebus weddelli,1,0,0,0,0,1,0,0,0,0,0
Leontopithecus caissara,1,0,0,0,0,1,0,0,0,0,0
Leontopithecus chrysomelas,1,0,0,1,0,1,0,0,0,0,0
Leontopithecus chrysopygus,1,0,0,0,0,1,0,0,0,0,0
Leontopithecus rosalia,1,0,0,1,0,1,0,0,0,0,1
Leopardus colocolo,1,0,0,0,0,0,0,0,0,1,0
Leopardus geoffroyi,1,0,0,0,0,0,0,0,0,1,0
Leopardus guttulus,1,0,0,0,0,0,0,0,0,1,0
Leopardus pardalis,1,0,0,0,0,0,0,0,0,1,1
Leopardus tigrinus,1,0,0,0,0,1,0,0,0,1,0
Leopardus wiedii,1,0,0,0,0,1,0,0,0,1,0
Lichonycteris degener,0,0,0,1,0,1,0,0,0,0,0
Lionycteris spurrelli,0,0,0,1,0,1,0,0,0,0,0
Lonchophylla bokermanni,0,0,0,1,0,0,0,0,0,0,0
Lonchophylla dekeyseri,0,0,0,1,0,0,0,0,0,0,0
Lonchophylla mordax,0,0,0,1,0,1,0,0,0,0,0
Lonchophylla peracchii,0,0,0,1,0,0,0,1,0,0,0
Lonchophylla thomasi,0,0,0,1,0,1,0,0,0,0,0
Lonchorhina aurita,0,0,0,0,0,1,0,0,0,0,0
Lonchorhina inusitata,0,0,0,0,0,0,0,0,0,0,0
Lonchothrix emiliae,0,0,0,0,0,0,0,0,0,0,0
Lophostoma brasiliense,0,0,0,0,0,1,0,0,0,0,0
Lophostoma carrikeri,0,0,0,0,0,1,0,0,0,0,0
Lophostoma schulzi,0,0,0,0,0,0,0,0,0,0,0
Lophostoma silvicolum,0,0,0,1,0,1,0,1,0,0,0
Lundomys molitor,0,0,0,0,0,0,0,0,0,0,0
Lutreolina crassicaudata,0,0,0,0,0,1,1,0,0,0,0
Lycalopex gymnocercus,1,0,0,0,0,1,0,0,0,1,0
Lycalopex vetulus,1,0,0,0,0,1,0,0,0,1,0
Macrophyllum macrophyllum,0,0,0,0,0,1,0,0,0,0,0
Makalata didelphoides,0,0,0,0,0,1,0,0,0,0,0
Makalata macrura,0,0,0,0,0,1,0,0,0,0,0
Marmosa constantiae,0,0,0,0,0,0,1,0,0,0,0
Marmosa demerarae,0,0,0,0,0,0,1,0,0,0,0
Marmosa lepida,0,0,0,0,0,1,0,0,0,0,0
Marmosa murina,0,0,0,0,0,1,0,0,0,0,1
Marmosa paraguayana,0,0,0,0,0,1,0,0,0,0,0
Marmosa regina,0,0,0,0,0,0,1,0,0,0,0
Marmosops bishopi,0,0,0,0,0,1,0,0,0,0,0
Marmosops caucae,0,0,0,0,0,1,0,0,0,0,0
Marmosops impavidus,0,0,0,0,0,1,0,0,0,0,0
Marmosops incanus,0,0,0,0,0,1,0,0,0,0,0
Marmosops neblina,0,0,0,0,0,1,0,0,0,0,0
Marmosops noctivagus,0,0,0,0,0,1,0,0,0,0,0
Marmosops ocellatus,0,0,0,0,0,1,0,0,0,0,1
Marmosops parvidens,0,0,0,0,0,1,0,0,0,0,1
Marmosops paulensis,0,0,0,0,0,1,0,0,0,0,1
Marmosops pinheiroi,0,0,0,0,0,1,0,0,0,0,1
Mazama americana,1,0,0,0,0,0,0,1,0,0,1
Mazama bororo,1,0,0,0,0,0,0,0,0,0,0
Mazama gouazoubira,1,0,0,0,0,0,0,0,0,0,1
Mazama nana,1,0,0,0,0,0,0,0,0,0,0
Mazama nemorivaga,1,0,0,0,0,0,0,0,0,0,0
Mesomys hispidus,0,0,0,0,0,0,0,0,0,0,0
Mesomys occultus,0,0,0,0,0,0,0,0,0,0,0
Mesomys stimulax,0,0,0,0,0,0,0,0,0,0,0
Mesophylla macconnelli,0,0,0,1,0,1,0,0,0,0,0
Metachirus nudicaudatus,0,0,0,0,0,1,0,0,0,0,0
Mico acariensis,1,0,0,0,0,0,0,0,0,0,0
Mico argentatus,1,0,0,0,0,1,0,0,0,0,0
Mico chrysoleucos,1,0,0,0,0,0,0,0,0,0,0
Mico emiliae,1,0,0,0,0,0,0,0,0,0,0
Mico humeralifer,1,0,0,0,0,1,0,0,0,0,0
Mico intermedius,1,0,0,0,0,1,0,0,0,0,0
Mico leucippe,1,0,0,0,0,1,0,0,0,0,0
Mico marcai,1,0,0,0,0,0,0,0,0,0,0
Mico mauesi,1,0,0,0,0,1,0,0,0,0,0
Mico melanurus,1,0,0,0,0,1,0,0,0,0,0
Mico munduruku,1,0,0,0,0,1,0,0,0,0,0
Mico nigriceps,1,0,0,0,0,0,0,0,0,0,0
Mico rondoni,1,0,0,0,0,1,0,0,0,0,0
Mico saterei,1,0,0,0,0,0,0,0,0,0,0
Microakodontomys transitorius,0,0,0,0,0,0,0,0,0,0,0
Micronycteris brosseti,0,0,0,0,0,1,0,0,0,0,0
Micronycteris hirsuta,0,0,0,0,0,1,0,0,0,0,0
Micronycteris megalotis,0,0,0,0,0,1,0,0,0,0,0
Micronycteris microtis,0,0,0,0,0,1,0,0,0,0,0
Micronycteris minuta,0,0,0,0,0,1,0,0,0,0,0
Micronycteris sanborni,0,0,0,0,0,1,0,0,0,0,0
Micronycteris schmidtorum,0,0,0,0,0,1,0,0,0,0,0
Micronycteris yatesi,0,0,0,0,0,1,0,1,0,0,0
Microsciurus flaviventer,1,0,0,0,0,1,0,0,0,0,0
Mimon bennettii,0,0,0,0,0,1,0,0,0,0,0
Molossops mattogrossensis,0,0,0,0,0,0,1,1,0,0,0
Molossops neglectus,0,0,0,0,0,0,1,0,0,0,0
Molossops temminckii,0,0,0,0,0,0,1,0,0,0,0
Molossus aztecus,0,0,0,0,0,0,1,0,0,0,0
Molossus coibensis,0,0,0,0,0,0,1,0,0,0,0
Molossus currentium,0,0,0,0,0,0,1,0,0,0,0
Molossus molossus,0,0,0,0,0,0,1,0,0,0,0
Molossus pretiosus,0,0,0,0,0,0,1,0,0,0,0
Molossus rufus,0,0,0,0,0,0,1,0,0,0,0
Monodelphis americana,0,0,1,0,0,0,0,0,0,0,0
Monodelphis brevicaudata,0,0,1,0,0,0,0,0,0,0,0
Monodelphis dimidiata,0,0,1,0,0,0,0,0,0,0,0
Monodelphis domestica,0,0,1,0,0,0,0,0,0,0,1
Monodelphis emiliae,0,0,1,0,0,0,0,0,0,0,0
Monodelphis glirina,0,0,1,0,0,0,0,0,0,0,0
Monodelphis iheringi,0,0,1,0,0,0,0,0,0,0,0
Monodelphis kunsi,0,0,1,0,0,0,0,0,0,0,0
Monodelphis scalops,0,0,1,0,0,0,0,0,0,0,0
Monodelphis unistriata,0,0,1,0,0,0,0,0,0,0,0
Mustela africana,1,0,0,0,0,0,0,0,0,1,0
Mustela frenata,1,0,0,0,0,0,0,0,0,1,0
Myocastor coypus,1,0,0,0,0,0,0,0,0,0,0
Myoprocta acouchy,1,0,0,0,0,1,0,0,0,0,0
Myoprocta pratti,1,0,0,0,0,1,0,0,0,0,0
Myotis albescens,0,0,0,0,0,0,1,0,0,0,0
Myotis dinellii,0,0,0,0,0,0,1,1,0,0,0
Myotis izecksohni,0,0,0,0,0,0,1,0,0,0,0
Myotis lavali,0,0,0,0,0,0,1,0,0,0,0
Myotis levis,0,0,0,0,0,0,1,0,0,0,0
Myotis riparius,0,0,0,0,0,0,1,0,0,0,0
Myotis ruber,0,0,0,0,0,0,1,0,0,0,0
Myotis simus,0,0,0,0,0,0,1,0,0,0,0
Myrmecophaga tridactyla,1,1,0,0,0,0,0,1,0,0,1
Nasua nasua,1,1,0,0,0,1,0,0,0,0,0
Natalus espiritosantensis,0,0,0,0,0,0,1,1,0,0,0
Neacomys dubosti,0,0,0,0,0,0,0,0,0,0,0
Neacomys minutus,0,0,0,0,0,0,0,0,0,0,0
Neacomys musseri,0,0,0,0,0,0,0,0,0,0,0
Neacomys paracou,0,0,0,0,0,0,0,0,0,0,0
Neacomys spinosus,0,0,0,0,0,0,0,0,0,0,0
Necromys lasiurus,0,0,0,0,0,0,1,0,0,0,1
Necromys lenguarum,0,0,0,0,0,0,1,0,0,0,0
Necromys urichi,0,0,0,0,0,0,1,0,0,0,0
Nectomys apicalis,0,0,0,0,0,0,0,0,0,0,0
Nectomys rattus,0,0,0,0,0,0,0,0,0,0,1
Nectomys squamipes,0,0,0,0,0,0,0,0,0,0,0
Neonycteris pusilla,0,0,0,0,0,1,0,0,0,0,0
Neusticomys ferreirai,0,0,0,0,0,0,1,0,0,0,0
Neusticomys oyapocki,0,0,0,0,0,0,1,0,0,0,0
Noctilio albiventris,0,0,0,0,0,1,1,0,0,0,0
Noctilio leporinus,0,0,0,0,0,0,0,0,0,0,0
Nyctinomops aurispinosus,0,0,0,0,0,0,1,0,0,0,0
Nyctinomops laticaudatus,0,0,0,0,0,0,1,0,0,0,0
Nyctinomops macrotis,0,0,0,0,0,0,1,0,0,0,0
Odocoileus virginianus,1,0,0,0,0,0,0,1,0,0,1
Oecomys auyantepui,0,0,0,0,0,0,0,0,0,0,0
Oecomys bicolor,0,0,0,0,0,0,0,0,0,0,0
Oecomys catherinae,0,0,0,0,0,0,0,0,0,0,0
Oecomys cleberi,0,0,0,0,0,0,0,0,0,0,0
Oecomys concolor,0,0,0,0,0,0,0,0,0,0,0
Oecomys mamorae,0,0,0,0,0,0,0,0,0,0,0
Oecomys paricola,0,0,0,0,0,0,0,0,0,0,0
Oecomys rex,0,0,0,0,0,0,0,0,0,0,0
Oecomys roberti,0,0,0,0,0,0,0,0,0,0,0
Oecomys rutilus,0,0,0,0,0,0,0,0,0,0,1
Oecomys superans,0,0,0,0,0,0,0,0,0,0,0
Oecomys trinitatis,0,0,0,0,0,0,0,0,0,0,0
Oligoryzomys chacoensis,0,0,0,0,0,0,0,0,0,0,0
Oligoryzomys delticola,0,0,0,0,0,0,0,0,0,0,0
Oligoryzomys eliurus,0,0,0,0,0,0,0,0,0,0,0
Oligoryzomys flavescens,0,0,0,0,0,0,0,0,0,0,1
Oligoryzomys fornesi,0,0,0,0,0,0,0,0,0,0,0
Oligoryzomys fulvescens,0,0,0,0,0,0,0,0,0,0,0
Oligoryzomys microtis,0,0,0,0,0,0,0,0,0,0,0
Oligoryzomys moojeni,0,0,0,0,0,1,0,0,0,0,0
Oligoryzomys nigripes,0,0,0,0,0,0,0,0,0,0,0
Oligoryzomys rupestris,0,0,0,0,0,1,0,0,0,0,0
Oligoryzomys stramineus,0,0,0,0,0,0,0,0,0,0,0
Oxymycterus amazonicus,0,0,0,0,0,0,0,0,0,0,0
Oxymycterus angularis,0,0,0,0,0,0,0,0,0,0,0
Oxymycterus caparoae,0,0,0,0,0,0,0,0,0,0,0
Oxymycterus dasytrichus,0,0,0,0,0,0,0,0,0,0,0
Oxymycterus delator,0,0,0,0,0,0,0,0,0,0,0
Oxymycterus hispidus,0,0,0,0,0,0,0,0,0,0,0
Oxymycterus nasutus,0,0,0,0,0,0,0,0,0,0,0
Oxymycterus quaestor,0,0,0,0,0,0,0,0,0,0,0
Oxymycterus roberti,0,0,0,0,0,0,0,0,0,0,0
Oxymycterus rufus,0,0,0,0,0,0,0,0,0,0,0
Ozotoceros bezoarticus,1,0,0,0,0,0,0,1,0,0,0
Panthera onca,1,1,0,0,1,0,0,1,0,0,1
Pecari tajacu,0,0,0,0,0,1,0,1,1,0,1
Peropteryx kappleri,0,0,0,0,0,0,1,0,0,0,0
Peropteryx leucoptera,0,0,0,0,0,0,1,0,0,0,0
Peropteryx macrotis,0,0,0,0,0,0,1,0,0,0,0
Peropteryx pallidoptera,0,0,0,0,0,0,1,1,0,0,0
Phaenomys ferrugineus,0,0,0,0,0,0,0,0,0,0,0
Philander andersoni,0,0,0,0,0,0,0,0,0,0,0
Philander frenatus,0,0,0,0,0,1,1,0,0,0,0
Philander mcilhennyi,0,0,0,0,0,1,1,0,0,0,0
Philander opossum,0,0,0,0,0,0,0,0,0,0,0
Phylloderma stenops,0,0,0,0,0,1,0,0,0,0,0
Phyllomys blainvillii,0,0,0,0,0,1,0,0,0,0,0
Phyllomys brasiliensis,0,0,0,0,0,1,0,0,0,0,0
Phyllomys dasythrix,0,0,0,0,0,1,0,0,0,0,0
Phyllomys kerri,0,0,0,0,0,1,0,0,0,0,0
Phyllomys lamarum,0,0,0,0,0,1,0,0,0,0,0
Phyllomys lundi,0,0,0,0,0,1,0,0,0,0,0
Phyllomys mantiqueirensis,0,0,0,0,0,1,0,0,0,0,0
Phyllomys medius,0,0,0,0,0,1,0,0,0,0,0
Phyllomys nigrispinus,0,0,0,0,0,1,0,0,0,0,0
Phyllomys pattoni,0,0,0,0,0,1,0,0,0,0,0
Phyllomys sulinus,0,0,0,0,0,1,0,0,0,0,0
Phyllomys thomasi,0,0,0,0,0,1,0,0,0,0,0
Phyllomys unicolor,0,0,0,0,0,1,0,0,0,0,0
Phyllostomus discolor,0,0,0,1,0,1,0,0,0,0,0
Phyllostomus elongatus,0,0,0,1,0,1,0,0,0,0,0
Phyllostomus hastatus,0,0,0,1,0,1,0,0,0,0,0
Phyllostomus latifolius,0,0,0,1,0,1,0,0,0,0,0
Pithecia albicans,1,0,0,0,0,1,0,0,0,0,0
Pithecia cazuzai,1,0,0,0,0,1,0,0,0,0,0
Pithecia chrysocephala,1,0,0,0,0,1,0,0,0,0,0
Pithecia hirsuta,1,0,0,0,0,1,0,0,0,0,0
Pithecia inusta,1,0,0,0,0,1,0,0,0,0,0
Pithecia mittermeieri,1,0,0,0,0,1,0,0,0,0,0
Pithecia monachus,1,0,0,0,0,1,0,0,0,0,0
Pithecia pissinattii,1,0,0,0,0,1,0,0,0,0,0
Pithecia pithecia,1,0,0,0,0,1,0,0,0,0,0
Pithecia rylandsi,1,0,0,0,0,1,0,0,0,0,0
Pithecia vanzolinii,1,0,0,0,0,1,0,0,0,0,0
Platyrrhinus brachycephalus,0,0,0,0,0,1,0,0,0,0,0
Platyrrhinus fusciventris,0,0,0,0,0,1,0,0,0,0,0
Platyrrhinus incarum,0,0,0,0,0,1,0,0,0,0,0
Platyrrhinus infuscus,0,0,0,0,0,1,0,0,0,0,0
Platyrrhinus lineatus,0,0,0,1,0,1,0,0,0,0,0
Platyrrhinus recifinus,0,0,0,1,0,1,0,0,0,0,0
Plecturocebus baptista,1,0,0,0,0,1,0,0,0,0,0
Plecturocebus bernhardi,1,0,0,0,0,1,0,0,0,0,0
Plecturocebus brunneus,1,0,0,0,0,1,0,0,0,0,0
Plecturocebus caligatus,1,0,0,0,0,1,0,0,0,0,0
Plecturocebus cinerascens,1,0,0,0,0,1,0,0,0,0,0
Plecturocebus cupreus,1,0,0,0,0,1,0,0,0,0,0
Plecturocebus donacophilus,1,0,0,0,0,1,0,0,0,0,0
Plecturocebus dubius,1,0,0,0,0,1,0,0,0,0,0
Plecturocebus grovesi,1,0,0,0,0,1,0,0,0,0,0
Plecturocebus hoffmannsi,1,0,0,0,0,1,0,0,0,0,0
Plecturocebus miltoni,1,0,0,0,0,1,0,0,0,0,0
Plecturocebus moloch,1,0,0,0,0,1,0,0,0,0,0
Plecturocebus pallescens,1,0,0,0,0,1,0,0,0,0,0
Plecturocebus parecis,1,0,0,0,0,1,0,0,0,0,0
Plecturocebus stephennashi,1,0,0,0,0,1,0,0,0,0,0
Plecturocebus toppini,1,0,0,0,0,1,0,0,0,0,0
Plecturocebus vieirai,1,0,0,0,0,1,0,0,0,0,0
Podoxymys roraimae,0,0,0,0,0,0,1,0,0,0,0
Potos flavus,1,0,0,0,0,1,0,0,0,0,0
Priodontes maximus,1,0,0,0,0,1,1,1,1,0,0
Procyon cancrivorus,1,0,0,0,0,1,0,0,0,0,1
Proechimys brevicauda,0,0,0,0,0,0,0,0,0,0,0
Proechimys cuvieri,0,0,0,0,0,0,0,0,0,0,0
Proechimys echinothrix,0,0,0,0,0,0,0,0,0,0,0
Proechimys gardneri,0,0,0,0,0,0,0,0,0,0,0
Proechimys goeldii,0,0,0,0,0,0,0,0,0,0,0
Proechimys guyannensis,0,0,0,0,0,0,0,0,0,0,1
Proechimys hoplomyoides,0,0,0,0,0,0,0,0,0,0,0
Proechimys kulinae,0,0,0,0,0,0,0,0,0,0,0
Proechimys longicaudatus,0,0,0,0,0,0,0,0,0,0,0
Proechimys pattoni,0,0,0,0,0,0,0,0,0,0,0
Proechimys quadruplicatus,0,0,0,0,0,0,0,0,0,0,0
Proechimys roberti,0,0,0,0,0,0,0,0,0,0,0
Proechimys simonsi,0,0,0,0,0,0,0,0,0,0,0
Proechimys steerei,0,0,0,0,0,0,0,0,0,0,0
Promops centralis,0,0,0,0,0,0,1,0,0,0,0
Promops nasutus,0,0,0,0,0,0,1,0,0,0,0
Pseudoryzomys simplex,0,0,0,0,0,0,0,0,0,0,0
Pteronotus gymnonotus,0,0,0,0,0,0,1,0,0,0,0
Pteronotus personatus,0,0,0,0,0,0,1,0,0,0,0
Pteronotus rubiginosus,0,0,0,0,0,0,1,1,0,0,0
Puma concolor,1,1,0,0,1,1,0,1,0,0,0
Pygoderma bilabiatum,0,0,0,0,0,1,0,0,0,0,0
Reithrodon typicus,0,0,0,0,0,0,0,0,0,0,0
Rhagomys rufescens,0,0,0,0,0,0,0,0,0,0,0
Rhinophylla fischerae,0,0,0,0,0,1,0,0,0,0,0
Rhinophylla pumilio,0,0,0,1,0,1,0,0,0,0,0
Rhipidomys cariri,0,0,0,0,0,0,0,0,0,0,0
Rhipidomys emiliae,0,0,0,0,0,0,0,0,0,0,0
Rhipidomys gardneri,0,0,0,0,0,0,0,0,0,0,1
Rhipidomys ipukensis,0,0,0,0,0,0,0,0,0,0,0
Rhipidomys itoan,0,0,0,0,0,0,0,0,0,0,1
Rhipidomys leucodactylus,0,0,0,0,0,0,0,0,0,0,1
Rhipidomys macconnelli,0,0,0,0,0,0,0,0,0,0,0
Rhipidomys macrurus,0,0,0,0,0,0,0,0,0,0,1
Rhipidomys mastacalis,0,0,0,0,0,0,0,0,0,0,0
Rhipidomys nitela,0,0,0,0,0,0,0,0,0,0,0
Rhipidomys tribei,0,0,0,0,0,0,0,0,0,0,0
Rhipidomys wetzeli,0,0,0,0,0,0,0,0,0,0,0
Rhogeessa hussoni,0,0,0,0,0,0,1,0,0,0,1
Rhogeessa io,0,0,0,0,0,0,1,0,0,0,0
Rhynchonycteris naso,0,0,0,0,0,0,1,0,0,0,0
Saccopteryx bilineata,0,0,0,0,0,0,1,0,0,0,0
Saccopteryx canescens,0,0,0,0,0,0,1,0,0,0,0
Saccopteryx gymnura,0,0,0,0,0,0,1,0,0,0,0
Saccopteryx leptura,0,0,0,0,0,0,1,0,0,0,0
Saguinus bicolor,1,0,0,0,0,1,0,0,0,0,0
Saguinus imperator,1,0,0,0,0,1,0,0,0,0,0
Saguinus inustus,1,0,0,0,0,1,0,0,0,0,0
Saguinus labiatus,1,0,0,0,0,1,0,0,0,0,0
Saguinus martinsi,1,0,0,0,0,1,0,0,0,0,0
Saguinus melanoleucus,1,0,0,0,0,1,0,0,0,0,0
Saguinus midas,1,0,0,0,0,1,0,0,0,0,0
Saguinus mystax,1,0,0,0,0,1,0,0,0,0,0
Saguinus niger,1,0,0,0,0,1,0,0,0,0,0
Saguinus ursulus,1,0,0,0,0,1,0,0,0,0,0
Saimiri boliviensis,1,0,0,0,0,1,0,0,0,0,0
Saimiri cassiquiarensis,1,0,0,0,0,1,0,0,0,0,0
Saimiri collinsi,1,0,0,0,0,1,0,0,0,0,0
Saimiri sciureus,1,1,0,0,0,1,0,0,0,0,0
Saimiri ustus,1,0,0,0,0,1,0,0,0,0,0
Saimiri vanzolinii,1,0,0,0,0,1,0,0,0,0,0
Sapajus apella,1,0,0,0,0,1,0,0,0,0,1
Sapajus cay,1,0,0,0,0,1,0,0,0,0,0
Sapajus flavius,1,0,0,0,0,1,0,0,0,0,0
Sapajus libidinosus,1,0,0,0,0,1,0,0,0,0,0
Sapajus nigritus,1,0,0,1,0,1,0,0,0,0,0
Sapajus robustus,1,0,0,0,0,1,0,0,0,0,0
Sapajus xanthosternos,1,0,0,0,0,1,0,0,0,0,0
Scapteromys tumidus,0,0,0,0,0,0,1,0,0,0,0
Sciurillus pusillus,1,0,0,0,0,1,0,0,0,0,0
Sciurus aestuans,1,0,0,0,0,1,0,0,0,0,0
Sciurus gilvigularis,1,0,0,0,0,1,0,0,0,0,0
Sciurus ignitus,1,0,0,0,0,1,0,0,0,0,0
Sciurus igniventris,1,0,0,0,0,1,0,0,0,0,0
Sciurus spadiceus,1,0,0,0,0,1,0,0,0,0,0
Scleronycteris ega,0,0,0,1,0,1,0,0,0,0,0
Scolomys ucayalensis,0,0,0,0,0,0,0,0,0,0,0
Sigmodon alstoni,0,0,0,0,0,0,0,0,0,0,0
Sooretamys angouya,0,0,0,0,0,0,0,0,0,0,0
Speothos venaticus,0,0,0,0,0,0,0,0,0,1,1
Sphaeronycteris toxophyllum,0,0,0,0,0,1,0,0,0,0,0
Sturnira lilium,0,0,0,1,0,1,1,0,0,0,0
Sturnira magna,0,0,0,0,0,1,0,0,0,0,0
Sturnira tildae,0,0,0,0,0,1,0,0,0,0,0
Sylvilagus brasiliensis,1,0,0,0,0,0,0,0,0,0,0
Sylvilagus tapetillus,1,0,0,0,0,0,0,0,0,0,0
Tadarida brasiliensis,0,0,0,0,0,0,1,0,0,0,1
Tamandua tetradactyla,1,0,0,0,0,0,0,0,0,0,1
Tapirus terrestris,1,1,0,0,0,1,0,1,0,0,1
Tayassu pecari,0,0,0,0,0,1,0,1,1,0,1
Thalpomys cerradensis,0,0,0,0,0,0,0,0,0,0,0
Thalpomys lasiotis,0,0,0,0,0,0,0,0,0,0,0
Thaptomys nigrita,0,0,0,0,0,0,1,0,0,0,0
Thrichomys apereoides,0,0,0,0,0,0,0,0,0,0,1
Thrichomys inermis,0,0,0,0,0,1,0,0,0,0,0
Thrichomys laurentius,0,0,0,0,0,1,0,0,0,0,0
Thrichomys pachyurus,0,0,0,0,0,1,0,0,0,0,0
Thylamys karimii,0,0,1,0,0,0,1,0,0,0,0
Thylamys macrurus,0,0,0,0,0,0,1,0,0,0,0
Thylamys velutinus,0,0,0,0,0,0,1,0,0,0,0
Thyroptera devivoi,0,0,0,0,0,0,1,0,0,0,0
Thyroptera discifera,0,0,0,0,0,0,1,0,0,0,0
Thyroptera lavali,0,0,0,0,0,0,1,0,0,0,0
Thyroptera tricolor,0,0,0,0,0,0,1,0,0,0,0
Thyroptera wynneae,0,0,0,0,0,0,1,1,0,0,0
Tolypeutes matacus,1,0,0,0,0,1,1,1,1,0,1
Tolypeutes tricinctus,1,0,0,0,0,1,1,1,1,0,0
Tonatia bidens,0,0,0,0,0,1,0,0,0,0,0
Tonatia saurophila,0,0,0,0,0,1,0,0,0,0,0
Toromys grandis,0,0,0,0,0,0,0,0,0,0,0
Trachops cirrhosus,0,0,0,0,0,1,1,0,0,0,0
Trinomys albispinus,0,0,0,0,0,0,0,0,0,0,0
Trinomys dimidiatus,0,0,0,0,0,0,0,0,0,0,0
Trinomys eliasi,0,0,0,0,0,0,0,0,0,0,0
Trinomys gratiosus,0,0,0,0,0,1,0,0,0,0,0
Trinomys iheringi,0,0,0,0,0,1,0,0,0,0,0
Trinomys mirapitanga,0,0,0,0,0,0,0,0,0,0,0
Trinomys moojeni,0,0,0,0,0,0,0,0,0,0,0
Trinomys paratus,0,0,0,0,0,1,0,0,0,0,0
Trinomys setosus,0,0,0,0,0,0,0,0,0,0,0
Trinomys yonenagae,0,0,0,0,0,0,0,0,0,0,0
Trinycteris nicefori,0,0,0,0,0,1,1,0,0,0,0
Uroderma bilobatum,0,0,0,1,0,1,0,0,0,0,1
Uroderma magnirostrum,0,0,0,1,0,1,0,0,0,0,0
Vampyressa pusilla,0,0,0,0,0,1,0,0,0,0,0
Vampyressa thyone,0,0,0,0,0,1,0,0,0,0,0
Vampyriscus bidens,0,0,0,0,0,1,0,0,0,0,0
Vampyriscus brocki,0,0,0,0,0,1,0,0,0,0,0
Vampyrodes caraccioli,0,0,0,1,0,1,0,0,0,0,0
Vampyrum spectrum,0,0,0,0,0,1,0,0,0,0,0
Wiedomys cerradensis,0,0,0,0,0,0,0,0,0,0,0
Wiedomys pyrrhorhinos,0,0,0,0,0,0,1,0,0,0,0
Wilfredomys oenax,0,0,0,0,0,1,0,0,0,0,0
Xeronycteris vieirai,0,0,0,1,0,0,0,0,0,0,0
Zygodontomys brevicauda,0,0,0,0,0,0,0,0,0,0,0
