"iucn2020_binomial","adult_mass_g","dphy_invertebrate","dphy_vertebrate","dphy_plant","foraging_stratum","activity_cycle"
"Abrawayaomys ruschii",62.99,11,1,88,"G","mixed"
"Akodon azarae",24,80,0,20,"G","mixed"
"Akodon cursor",39.77,80,0,20,"G","mixed"
"Akodon lindberghi",26.4,80,0,20,"G","mixed"
"Akodon montensis",39.7,79,0,21,"G","mixed"
"Akodon mystax",28.3,80,0,20,"G","mixed"
"Akodon paranaensis",28.3,79,0,21,"G","mixed"
"Akodon reigi",28.3,79,0,21,"G","mixed"
"Akodon sanctipaulensis",27.7,80,0,20,"G","mixed"
"Akodon serrensis",28.3,80,0,20,"G","mixed"
"Alouatta belzebul",6157.91,0,0,100,"Ar","diurnal only"
"Alouatta caraya",5462.5,0,0,100,"Ar","diurnal only"
"Alouatta discolor",6262.8,0,0,100,"Ar","diurnal only"
"Alouatta guariba",5188.33,0,0,100,"Ar","diurnal only"
"Alouatta juara",6398.31,0,0,100,"Ar","diurnal only"
"Alouatta macconnelli",6398.31,0,0,100,"Ar","diurnal only"
"Alouatta nigerrima",6157.91,0,0,100,"Ar","diurnal only"
"Alouatta puruensis",6398.31,0,0,100,"Ar","diurnal only"
"Alouatta seniculus",6398.31,0,0,100,"Ar","diurnal only"
"Alouatta ululata",6682.1,0,0,100,"Ar","diurnal only"
"Ametrida centurio",11.305,0,0,100,"Ar","nocturnal only"
"Anoura caudifer",11.155,30,0,70,"Ar","nocturnal only"
"Anoura geoffroyi",15.2,30,0,70,"Ar","nocturnal only"
"Aotus azarae",1230,20,10,70,"Ar","nocturnal only"
"Aotus nancymaae",791.03,20,10,70,"Ar","nocturnal only"
"Aotus nigriceps",1057,20,10,70,"Ar","nocturnal only"
"Aotus trivirgatus",872.98,20,10,70,"Ar","nocturnal only"
"Aotus vociferans",872.995,20,10,70,"Ar","nocturnal only"
"Artibeus concolor",19.675,10,0,90,"Ar","nocturnal only"
"Artibeus fimbriatus",63.895,10,0,90,"Ar","nocturnal only"
"Artibeus lituratus",46.1,10,0,90,"Ar","nocturnal only"
"Artibeus obscurus",45.65,10,0,90,"Ar","nocturnal only"
"Artibeus planirostris",47,20,0,80,"Ar","nocturnal only"
"Ateles belzebuth",6692.42,10,10,80,"Ar","diurnal only"
"Ateles chamek",7294.46,10,10,80,"Ar","diurnal only"
"Ateles marginatus",6229.28,10,10,80,"Ar","diurnal only"
"Ateles paniscus",7887.5,10,10,80,"Ar","diurnal only"
"Atelocynus microtis",9500,0,80,20,"G","nocturnal only"
"Bassaricyon alleni",1236.88,20,10,70,"Ar","mixed"
"Bibimys labiosus",29,0,0,100,"G","nocturnal only"
"Blarinomys breviceps",36.79,100,0,0,"G","mixed"
"Blastocerus dichotomus",102500,0,0,100,"G","mixed"
"Brachyteles arachnoides",10.839,0,0,100,"Ar","mixed"
"Brachyteles hypoxanthus",10.839,0,0,100,"Ar","mixed"
"Bradypus torquatus",4184.21,0,0,100,"Ar","mixed"
"Bradypus tridactylus",4072.9,0,0,100,"Ar","mixed"
"Bradypus variegatus",3963.18,0,0,100,"Ar","mixed"
"Brucepattersonius griserufescens",21.85,82,0,18,"G","mixed"
"Brucepattersonius igniventris",32,82,0,18,"G","mixed"
"Brucepattersonius iheringi",43,90,0,10,"G","diurnal only"
"Brucepattersonius soricinus",28.7,82,0,18,"G","mixed"
"Cabassous tatouay",5349.95,100,0,0,"G","mixed"
"Cabassous unicinctus",3987.97,100,0,0,"G","mixed"
"Cacajao ayresi",2935,5,5,90,"Ar","diurnal only"
"Cacajao calvus",3421.04,10,10,80,"Ar","diurnal only"
"Cacajao hosomi",3100,10,10,80,"Ar","diurnal only"
"Cacajao melanocephalus",3121.58,5,5,90,"Ar","diurnal only"
"Callibella humilis",167.5,20,0,80,"Ar","diurnal only"
"Callicebus barbarabrownae",1390.8,20,0,80,"Ar","diurnal only"
"Callicebus coimbrai",1390.8,20,0,80,"Ar","diurnal only"
"Callicebus melanochir",1390.8,20,0,80,"Ar","diurnal only"
"Callicebus nigrifrons",1390.8,20,0,80,"Ar","diurnal only"
"Callicebus personatus",1390.8,20,0,80,"Ar","diurnal only"
"Callimico goeldii",556.5,40,10,50,"Ar","diurnal only"
"Callistomys pictus",518.99,0,0,100,"G","nocturnal only"
"Callithrix aurita",272.705,20,10,70,"Ar","diurnal only"
"Callithrix flaviceps",290.21,20,10,70,"Ar","diurnal only"
"Callithrix geoffroyi",299.605,20,10,70,"Ar","diurnal only"
"Callithrix jacchus",255.2,20,10,70,"Ar","diurnal only"
"Callithrix kuhlii",307,20,10,70,"Ar","diurnal only"
"Callithrix penicillata",307,20,10,70,"Ar","diurnal only"
"Calomys callosus",48.6,0,0,100,"G","mixed"
"Calomys expulsus",48,0,0,100,"G","mixed"
"Calomys hummelincki",27,0,0,100,"G","mixed"
"Calomys laucha",24,0,0,100,"G","mixed"
"Calomys tener",14,0,0,100,"G","mixed"
"Calomys tocantinsi",25.3,0,0,100,"G","mixed"
"Caluromys lanatus",410,20,10,70,"Ar","mixed"
"Caluromys philander",298.235,20,10,70,"Ar","mixed"
"Caluromysiops irrupta",257.48,20,0,80,"Ar","nocturnal only"
"Carollia benkeithi",13.1,0,0,100,"Ar","nocturnal only"
"Carollia brevicauda",14.85,0,0,100,"Ar","nocturnal only"
"Carollia perspicillata",16.4,0,0,100,"Ar","nocturnal only"
"Carterodon sulcidens",113.8,0,0,100,"G","nocturnal only"
"Cavia aperea",341,0,0,100,"G","mixed"
"Cavia fulgida",282.5,0,0,100,"G","mixed"
"Cavia intermedia",578.88,0,0,100,"G","mixed"
"Cavia magna",459.99,0,0,100,"G","mixed"
"Cebuella niveiventris",116.83,20,20,60,"Ar","diurnal only"
"Cebuella pygmaea",116.83,20,20,60,"Ar","diurnal only"
"Cebus albifrons",2488.59,20,10,70,"Ar","diurnal only"
"Cebus castaneus",2552.5,10,0,90,"Ar","diurnal only"
"Cebus cuscinus",2900,19,10,71,"Ar","diurnal only"
"Cebus kaapori",2670.07,10,0,90,"Ar","diurnal only"
"Cebus olivaceus",2552.5,19,9,72,"Ar","diurnal only"
"Cebus unicolor",2488.59,20,10,70,"Ar","diurnal only"
"Centronycteris maximiliani",23,100,0,0,"A","nocturnal only"
"Cerdocyon thous",5741.66,50,50,0,"G","nocturnal only"
"Cerradomys maracajuensis",49.91,29,14,57,"G","mixed"
"Cerradomys marinhus",49.91,29,14,57,"G","mixed"
"Cerradomys scotti",49.91,29,14,57,"G","mixed"
"Cerradomys subflavus",49.91,20,0,80,"G","mixed"
"Chaetomys subspinosus",1299.99,0,0,100,"Ar","nocturnal only"
"Cheracebus lucifer",1.129,20,0,80,"Ar","diurnal only"
"Cheracebus lugens",1.129,20,0,80,"Ar","diurnal only"
"Cheracebus regulus",1.129,20,0,80,"Ar","diurnal only"
"Cheracebus torquatus",1.129,20,0,80,"Ar","diurnal only"
"Chiroderma doriae",19.9,0,0,100,"Ar","nocturnal only"
"Chiroderma trinitatum",13.91,0,0,100,"Ar","nocturnal only"
"Chiroderma villosum",23.81,0,0,100,"Ar","nocturnal only"
"Chiroderma vizottoi",36,0,0,100,"A","nocturnal only"
"Chironectes minimus",856,50,30,20,"G","nocturnal only"
"Chiropotes albinasus",2900,10,0,90,"Ar","diurnal only"
"Chiropotes chiropotes",2942.5,10,0,90,"Ar","diurnal only"
"Chiropotes sagulatus",2942.5,10,0,90,"Ar","diurnal only"
"Chiropotes satanas",2942.5,10,0,90,"Ar","diurnal only"
"Chiropotes utahickae",2942.5,0,0,100,"Ar","diurnal only"
"Choeroniscus minor",8.63,30,0,70,"Ar","nocturnal only"
"Choloepus didactylus",6250,0,0,100,"Ar","nocturnal only"
"Choloepus hoffmanni",4250,0,0,100,"Ar","nocturnal only"
"Chrotopterus auritus",84.38,30,40,30,"S","nocturnal only"
"Chrysocyon brachyurus",22250,10,70,20,"G","mixed"
"Clyomys laticeps",115.5,0,0,100,"G","nocturnal only"
"Coendou baturitensis",3900,0,0,100,"Ar","nocturnal only"
"Coendou bicolor",4492.49,0,0,100,"Ar","nocturnal only"
"Coendou insidiosus",998.32,0,0,100,"Ar","nocturnal only"
"Coendou melanurus",1449.16,20,0,80,"Ar","nocturnal only"
"Coendou nycthemera",2999.98,0,0,100,"Ar","nocturnal only"
"Coendou prehensilis",3900,0,0,100,"Ar","nocturnal only"
"Coendou roosmalenorum",700,0,0,100,"Ar","nocturnal only"
"Coendou speratus",1650,0,0,100,"Ar","nocturnal only"
"Coendou spinosus",1250.39,0,0,100,"Ar","nocturnal only"
"Conepatus chinga",3400,80,10,10,"G","nocturnal only"
"Conepatus semistriatus",1598.67,80,10,10,"G","nocturnal only"
"Cormura brevirostris",9.26,100,0,0,"A","nocturnal only"
"Cryptonanus agricolai",10,20,0,80,"S","mixed"
"Cryptonanus chacoensis",15.5,20,0,80,"G","nocturnal only"
"Cryptonanus guahybae",22.8,20,0,80,"G","nocturnal only"
"Ctenomys boliviensis",462.6,0,0,100,"G","mixed"
"Ctenomys flamarioni",277.8,0,0,100,"G","mixed"
"Ctenomys ibicuiensis",200,0,0,100,"G","mixed"
"Ctenomys lami",238.5,0,0,100,"G","mixed"
"Ctenomys minutus",92,0,0,100,"G","mixed"
"Ctenomys torquatus",242.245,0,0,100,"G","mixed"
"Cuniculus paca",9000,0,0,100,"G","nocturnal only"
"Cyclopes didactylus",251.975,100,0,0,"Ar","nocturnal only"
"Cynomops abrasus",35.39,100,0,0,"A","nocturnal only"
"Cynomops greenhalli",15.87,100,0,0,"A","nocturnal only"
"Cynomops milleri",12.16,100,0,0,"A","nocturnal only"
"Cynomops paranus",12.16,100,0,0,"A","nocturnal only"
"Cynomops planirostris",12.84,100,0,0,"A","nocturnal only"
"Cyttarops alecto",5.3,100,0,0,"A","nocturnal only"
"Dactylomys boliviensis",689.39,0,0,100,"Ar","nocturnal only"
"Dactylomys dactylinus",649.98,0,0,100,"Ar","nocturnal only"
"Dasyprocta azarae",3.412,10,0,90,"G","mixed"
"Dasyprocta croconota",2500,9,0,91,"G","mixed"
"Dasyprocta fuliginosa",3500,10,0,90,"G","mixed"
"Dasyprocta iacki",3050,9,0,91,"G","mixed"
"Dasyprocta leporina",2.893,10,0,90,"G","mixed"
"Dasyprocta prymnolopha",2900,10,0,90,"G","mixed"
"Dasyprocta variegata",4100,0,0,100,"G","mixed"
"Dasypus hybridus",1500,100,0,0,"G","nocturnal only"
"Dasypus kappleri",9.926,100,0,0,"G","nocturnal only"
"Dasypus novemcinctus",3949,100,0,0,"G","nocturnal only"
"Dasypus septemcinctus",1500.82,100,0,0,"G","nocturnal only"
"Delomys collinus",67.5,23,1,76,"G","nocturnal only"
"Delomys dorsalis",67.5,23,1,76,"G","nocturnal only"
"Delomys sublineatus",89.99,22,2,76,"G","nocturnal only"
"Deltamys kempi",26.4,20,0,80,"G","mixed"
"Dermanura anderseni",6.91,10,0,90,"Ar","nocturnal only"
"Dermanura cinerea",12.7,10,0,90,"Ar","nocturnal only"
"Dermanura glauca",12.505,10,0,90,"Ar","nocturnal only"
"Dermanura gnoma",12.31,20,0,80,"Ar","nocturnal only"
"Dermanura phaeotis",11.69,10,0,90,"Ar","nocturnal only"
"Desmodus rotundus",33.18,0,100,0,"G","nocturnal only"
"Diaemus youngii",36.6,0,100,0,"G","nocturnal only"
"Diclidurus albus",18.5,100,0,0,"A","nocturnal only"
"Diclidurus ingens",12.3,100,0,0,"A","nocturnal only"
"Diclidurus isabella",12.61,100,0,0,"A","nocturnal only"
"Diclidurus scutatus",13.62,100,0,0,"A","nocturnal only"
"Didelphis albiventris",1030.47,20,60,20,"S","nocturnal only"
"Didelphis aurita",1.149,20,60,20,"S","nocturnal only"
"Didelphis imperfecta",1030.47,50,0,50,"S","nocturnal only"
"Didelphis marsupialis",1.149,20,60,20,"S","nocturnal only"
"Dinomys branickii",12500,0,0,100,"G","nocturnal only"
"Diphylla ecaudata",28.11,0,100,0,"G","nocturnal only"
"Dryadonycteris capixaba",5,0,0,100,"A","nocturnal only"
"Drymoreomys albimaculatus",64,0,20,80,"G","mixed"
"Echimys chrysurus",624.995,0,0,100,"Ar","nocturnal only"
"Echimys vieirai",509.8,10,0,90,"Ar","nocturnal only"
"Eira barbara",4134.99,10,69,21,"G","mixed"
"Eptesicus brasiliensis",9.2,100,0,0,"A","nocturnal only"
"Eptesicus chiriquinus",9.2,100,0,0,"A","nocturnal only"
"Eptesicus diminutus",5.99,100,0,0,"A","nocturnal only"
"Eptesicus furinalis",7.7,100,0,0,"A","nocturnal only"
"Eptesicus taddeii",13,100,0,0,"A","nocturnal only"
"Eumops auripendulus",28.49,100,0,0,"A","nocturnal only"
"Eumops bonariensis",12.22,100,0,0,"A","nocturnal only"
"Eumops dabbenei",58.5,100,0,0,"A","nocturnal only"
"Eumops delticus",12.22,100,0,0,"A","nocturnal only"
"Eumops glaucinus",36.4,100,0,0,"A","nocturnal only"
"Eumops hansae",15.47,100,0,0,"A","nocturnal only"
"Eumops maurus",20.66,100,0,0,"A","nocturnal only"
"Eumops patagonicus",12.22,100,0,0,"A","nocturnal only"
"Eumops perotis",56.5,100,0,0,"A","nocturnal only"
"Eumops trumbulli",56.5,100,0,0,"A","nocturnal only"
"Euphractus sexcinctus",4850,50,0,50,"G","mixed"
"Euryoryzomys emmonsae",22.65,29,14,57,"G","mixed"
"Euryoryzomys lamia",60.5,20,0,80,"G","mixed"
"Euryoryzomys macconnelli",66.49,20,0,80,"G","mixed"
"Euryoryzomys nitidus",51.63,20,0,80,"G","mixed"
"Euryoryzomys russatus",60.5,20,0,80,"G","mixed"
"Euryzygomatomys spinosus",187.49,0,0,100,"G","nocturnal only"
"Furipterus horrens",3.15,100,0,0,"A","nocturnal only"
"Galea flavidens",450,0,0,100,"G","diurnal only"
"Galea spixii",360.61,0,0,100,"G","diurnal only"
"Galictis cuja",1000,20,60,20,"G","mixed"
"Galictis vittata",2325,20,60,20,"G","mixed"
"Gardnerycteris crenulatum",13.91,50,0,50,"S","nocturnal only"
"Glironia venusta",140,40,20,40,"Ar","nocturnal only"
"Glossophaga commissarisi",9.3,40,0,60,"Ar","nocturnal only"
"Glossophaga longirostris",10.9,40,0,60,"Ar","nocturnal only"
"Glossophaga soricina",10.25,40,0,60,"Ar","nocturnal only"
"Glyphonycteris behnii",14.53,80,0,20,"S","nocturnal only"
"Glyphonycteris daviesi",18.61,80,0,20,"S","nocturnal only"
"Glyphonycteris sylvestris",8.91,80,0,20,"S","nocturnal only"
"Gracilinanus agilis",21.5,50,0,50,"S","mixed"
"Gracilinanus emiliae",10,50,0,50,"S","mixed"
"Gracilinanus microtarsus",24.5,50,0,50,"S","mixed"
"Graomys griseoflavus",68.32,0,0,100,"S","nocturnal only"
"Herpailurus yagouaroundi",7000,0,100,0,"G","mixed"
"Histiotus alienus",10.42,100,0,0,"A","nocturnal only"
"Histiotus velatus",11.26,100,0,0,"A","nocturnal only"
"Holochilus brasiliensis",155,10,0,90,"G","nocturnal only"
"Holochilus sciureus",120.42,10,0,90,"G","nocturnal only"
"Hydrochoerus hydrochaeris",51.572,0,0,100,"G","diurnal only"
"Hyladelphys kalinowskii",15.5,20,0,80,"Ar","nocturnal only"
"Hylaeamys laticeps",50.825,20,0,80,"G","mixed"
"Hylaeamys megacephalus",50.825,20,0,80,"G","mixed"
"Hylaeamys oniscus",60.5,29,14,57,"G","mixed"
"Hylaeamys perenensis",50.825,20,0,80,"G","mixed"
"Hylaeamys yunganus",60.5,20,0,80,"G","mixed"
"Isothrix bistriata",444.99,6,1,93,"G","nocturnal only"
"Isothrix negrensis",444.99,6,1,93,"G","nocturnal only"
"Isothrix pagurus",210,7,0,93,"G","nocturnal only"
"Isothrix sinnamariensis",291.73,7,0,93,"G","nocturnal only"
"Juliomys pictipes",22.9,0,0,100,"G","mixed"
"Juliomys rimofrons",19.8,1,0,99,"G","mixed"
"Juscelinomys candango",97.29,20,0,80,"G","nocturnal only"
"Kannabateomys amblyonyx",529.995,0,0,100,"Ar","nocturnal only"
"Kerodon acrobata",1305.2,0,0,100,"G","mixed"
"Kerodon rupestris",875.5,0,0,100,"G","mixed"
"Kunsia tomentosus",115.6,0,0,100,"G","nocturnal only"
"Lagothrix lagothricha",6263.69,7,0,93,"Ar","diurnal only"
"Lampronycteris brachyotis",10.39,80,0,20,"S","nocturnal only"
"Lasiurus blossevillii",12.33,100,0,0,"A","nocturnal only"
"Lasiurus castaneus",12.51,100,0,0,"A","nocturnal only"
"Lasiurus cinereus",26.03,100,0,0,"A","nocturnal only"
"Lasiurus ebenus",14,100,0,0,"A","nocturnal only"
"Lasiurus ega",12.2,100,0,0,"A","nocturnal only"
"Lasiurus egregius",17.41,100,0,0,"A","nocturnal only"
"Lasiurus salinae",12.33,100,0,0,"A","nocturnal only"
"Leontocebus cruzlimai",393.99,34,7,59,"Ar","diurnal only"
"Leontocebus fuscicollis",393.99,34,7,59,"Ar","diurnal only"
"Leontocebus fuscus",393.99,34,7,59,"Ar","diurnal only"
"Leontocebus nigricollis",450,40,0,60,"Ar","diurnal only"
"Leontocebus weddelli",393.99,34,7,59,"Ar","diurnal only"
"Leontopithecus caissara",629.255,50,0,50,"Ar","diurnal only"
"Leontopithecus chrysomelas",582.66,50,0,50,"Ar","diurnal only"
"Leontopithecus chrysopygus",654.5,50,0,50,"Ar","diurnal only"
"Leontopithecus rosalia",623.51,50,0,50,"Ar","diurnal only"
"Leopardus colocolo",2950,0,100,0,"G","nocturnal only"
"Leopardus geoffroyi",4000,0,100,0,"G","nocturnal only"
"Leopardus guttulus",2250,0,100,0,"S","mixed"
"Leopardus pardalis",10500,3,81,16,"G","nocturnal only"
"Leopardus tigrinus",2250,0,100,0,"S","mixed"
"Leopardus wiedii",3600,0,100,0,"S","mixed"
"Lichonycteris degener",6.5,0,0,100,"Ar","nocturnal only"
"Lionycteris spurrelli",8.85,0,0,100,"Ar","nocturnal only"
"Lonchophylla bokermanni",9.74,40,0,60,"Ar","nocturnal only"
"Lonchophylla dekeyseri",7.2,40,0,60,"Ar","nocturnal only"
"Lonchophylla mordax",21.56,40,0,60,"Ar","nocturnal only"
"Lonchophylla peracchii",9.74,40,0,60,"Ar","nocturnal only"
"Lonchophylla thomasi",7.09,40,0,60,"Ar","nocturnal only"
"Lonchorhina aurita",15.38,100,0,0,"S","nocturnal only"
"Lonchorhina inusitata",18.6,100,0,0,"S","nocturnal only"
"Lonchothrix emiliae",138.2,10,0,90,"Ar","nocturnal only"
"Lophostoma brasiliense",9.76,90,0,10,"S","nocturnal only"
"Lophostoma carrikeri",22.35,90,0,10,"S","nocturnal only"
"Lophostoma schulzi",18.02,90,0,10,"S","nocturnal only"
"Lophostoma silvicolum",32.29,90,0,10,"S","nocturnal only"
"Lundomys molitor",238.49,0,0,100,"G","nocturnal only"
"Lutreolina crassicaudata",450,30,60,10,"S","nocturnal only"
"Lycalopex gymnocercus",4690,0,50,50,"G","mixed"
"Lycalopex vetulus",5444,10,60,30,"G","diurnal only"
"Macrophyllum macrophyllum",8.02,100,0,0,"A","nocturnal only"
"Makalata didelphoides",337.33,0,0,100,"S","nocturnal only"
"Makalata macrura",439,0,0,100,"S","nocturnal only"
"Marmosa constantiae",73,90,0,10,"S","nocturnal only"
"Marmosa demerarae",96,90,0,10,"S","nocturnal only"
"Marmosa lepida",16,40,30,30,"Ar","nocturnal only"
"Marmosa murina",518,40,30,30,"Ar","nocturnal only"
"Marmosa paraguayana",363.3,30,30,40,"S","nocturnal only"
"Marmosa regina",68,90,0,10,"S","nocturnal only"
"Marmosops bishopi",20.25,20,0,80,"Ar","nocturnal only"
"Marmosops caucae",21,50,0,50,"Ar","nocturnal only"
"Marmosops impavidus",21,50,0,50,"Ar","nocturnal only"
"Marmosops incanus",59.88,50,0,50,"Ar","nocturnal only"
"Marmosops neblina",35,20,0,80,"Ar","nocturnal only"
"Marmosops noctivagus",39.625,50,0,50,"Ar","nocturnal only"
"Marmosops ocellatus",37,20,0,80,"G","nocturnal only"
"Marmosops parvidens",18,50,0,50,"Ar","nocturnal only"
"Marmosops paulensis",49.385,33,22,45,"Ar","nocturnal only"
"Marmosops pinheiroi",24.5,50,0,50,"Ar","nocturnal only"
"Mazama americana",23000,0,0,100,"G","mixed"
"Mazama bororo",25000,0,0,100,"G","mixed"
"Mazama gouazoubira",16650,0,0,100,"G","mixed"
"Mazama nana",16499.85,0,0,100,"G","mixed"
"Mazama nemorivaga",15000,0,0,100,"G","mixed"
"Mesomys hispidus",175,50,0,50,"Ar","nocturnal only"
"Mesomys occultus",146.7,20,0,80,"Ar","nocturnal only"
"Mesomys stimulax",141.5,17,0,83,"Ar","nocturnal only"
"Mesophylla macconnelli",6.86,10,0,90,"Ar","nocturnal only"
"Metachirus nudicaudatus",440,30,50,20,"S","nocturnal only"
"Mico acariensis",472,29,14,57,"Ar","diurnal only"
"Mico argentatus",357.25,20,20,60,"Ar","diurnal only"
"Mico chrysoleucos",343.33,29,14,57,"Ar","diurnal only"
"Mico emiliae",350.225,29,14,57,"Ar","diurnal only"
"Mico humeralifer",299.605,20,20,60,"Ar","diurnal only"
"Mico intermedius",343.2,50,0,50,"Ar","diurnal only"
"Mico leucippe",357.25,20,0,80,"Ar","diurnal only"
"Mico marcai",357.25,29,14,57,"Ar","diurnal only"
"Mico mauesi",443.79,29,14,57,"Ar","diurnal only"
"Mico melanurus",357.25,20,0,80,"Ar","diurnal only"
"Mico munduruku",435,26,14,60,"Ar","diurnal only"
"Mico nigriceps",401.12,20,0,80,"Ar","diurnal only"
"Mico rondoni",330,10,10,80,"Ar","diurnal only"
"Mico saterei",441.25,29,14,57,"Ar","diurnal only"
"Microakodontomys transitorius",11.2,0,0,100,"G","mixed"
"Micronycteris brosseti",4.85,89,0,11,"S","nocturnal only"
"Micronycteris hirsuta",12.89,89,0,11,"S","nocturnal only"
"Micronycteris megalotis",6.4,20,0,80,"S","nocturnal only"
"Micronycteris microtis",6.4,20,0,80,"S","nocturnal only"
"Micronycteris minuta",6.65,89,0,11,"S","nocturnal only"
"Micronycteris sanborni",6.3,100,0,0,"S","nocturnal only"
"Micronycteris schmidtorum",7.73,100,0,0,"S","nocturnal only"
"Micronycteris yatesi",8,90,0,10,"A","nocturnal only"
"Microsciurus flaviventer",92,0,0,100,"Ar","diurnal only"
"Mimon bennettii",12.9,30,40,30,"S","nocturnal only"
"Molossops mattogrossensis",7.48,100,0,0,"A","nocturnal only"
"Molossops neglectus",6.91,100,0,0,"A","nocturnal only"
"Molossops temminckii",5.86,100,0,0,"A","nocturnal only"
"Molossus aztecus",14,100,0,0,"A","nocturnal only"
"Molossus coibensis",13.925,100,0,0,"A","nocturnal only"
"Molossus currentium",14,100,0,0,"A","nocturnal only"
"Molossus molossus",13.85,100,0,0,"A","nocturnal only"
"Molossus pretiosus",98,100,0,0,"A","nocturnal only"
"Molossus rufus",25,100,0,0,"A","nocturnal only"
"Monodelphis americana",38,20,40,40,"G","nocturnal only"
"Monodelphis brevicaudata",90,20,40,40,"G","nocturnal only"
"Monodelphis dimidiata",46.28,20,40,40,"G","nocturnal only"
"Monodelphis domestica",100,20,40,40,"G","nocturnal only"
"Monodelphis emiliae",52.33,20,40,40,"G","nocturnal only"
"Monodelphis glirina",94.5,20,40,40,"G","nocturnal only"
"Monodelphis iheringi",112,20,40,40,"G","nocturnal only"
"Monodelphis kunsi",11.8,20,40,40,"G","nocturnal only"
"Monodelphis scalops",73.5,20,40,40,"G","nocturnal only"
"Monodelphis unistriata",55.3,20,40,40,"G","nocturnal only"
"Mustela africana",536.98,10,85,5,"G","mixed"
"Mustela frenata",170.315,0,100,0,"G","mixed"
"Myocastor coypus",7150,0,0,100,"G","nocturnal only"
"Myoprocta acouchy",844.5,10,0,90,"G","diurnal only"
"Myoprocta pratti",914,0,0,100,"G","diurnal only"
"Myotis albescens",5.69,100,0,0,"A","nocturnal only"
"Myotis dinellii",8.4,100,0,0,"A","nocturnal only"
"Myotis izecksohni",12,100,0,0,"A","nocturnal only"
"Myotis lavali",8,100,0,0,"A","nocturnal only"
"Myotis levis",5.24,100,0,0,"A","nocturnal only"
"Myotis riparius",6.335,100,0,0,"A","nocturnal only"
"Myotis ruber",4.99,100,0,0,"A","nocturnal only"
"Myotis simus",8.1,100,0,0,"A","nocturnal only"
"Myrmecophaga tridactyla",29531.83,100,0,0,"G","mixed"
"Nasua nasua",4000,10,20,70,"S","diurnal only"
"Natalus espiritosantensis",6,100,0,0,"A","nocturnal only"
"Neacomys dubosti",14.7,20,0,80,"G","nocturnal only"
"Neacomys minutus",10.4,20,0,80,"G","nocturnal only"
"Neacomys musseri",12.1,20,0,80,"G","nocturnal only"
"Neacomys paracou",14.5,20,0,80,"G","nocturnal only"
"Neacomys spinosus",19,20,0,80,"G","nocturnal only"
"Necromys lasiurus",39.93,70,0,30,"G","diurnal only"
"Necromys lenguarum",39.93,67,0,33,"G","mixed"
"Necromys urichi",47.42,0,0,100,"G","mixed"
"Nectomys apicalis",237.49,30,40,30,"G","nocturnal only"
"Nectomys rattus",253.15,30,40,30,"G","nocturnal only"
"Nectomys squamipes",237.49,30,40,30,"G","nocturnal only"
"Neonycteris pusilla",6.11,80,0,20,"S","nocturnal only"
"Neusticomys ferreirai",29.5,100,0,0,"G","mixed"
"Neusticomys oyapocki",47,80,20,0,"G","diurnal only"
"Noctilio albiventris",44,80,20,0,"G","nocturnal only"
"Noctilio leporinus",44,50,50,0,"G","nocturnal only"
"Nyctinomops aurispinosus",18.43,100,0,0,"A","nocturnal only"
"Nyctinomops laticaudatus",13.56,100,0,0,"A","nocturnal only"
"Nyctinomops macrotis",23,100,0,0,"A","nocturnal only"
"Odocoileus virginianus",65320,0,0,100,"G","mixed"
"Oecomys auyantepui",73.4,1,0,99,"G","mixed"
"Oecomys bicolor",40.74,0,0,100,"G","nocturnal only"
"Oecomys catherinae",73.4,1,0,99,"G","mixed"
"Oecomys cleberi",73.4,0,0,100,"G","nocturnal only"
"Oecomys concolor",53.5,0,0,100,"G","nocturnal only"
"Oecomys mamorae",62.5,0,0,100,"G","mixed"
"Oecomys paricola",73.4,0,0,100,"G","mixed"
"Oecomys rex",73.4,0,0,100,"G","mixed"
"Oecomys roberti",73.4,0,0,100,"G","mixed"
"Oecomys rutilus",73.4,0,0,100,"G","mixed"
"Oecomys superans",73.4,0,0,100,"G","nocturnal only"
"Oecomys trinitatis",73.4,0,0,100,"G","nocturnal only"
"Oligoryzomys chacoensis",23,30,0,70,"G","nocturnal only"
"Oligoryzomys delticola",29.39,30,0,70,"G","nocturnal only"
"Oligoryzomys eliurus",34.58,30,0,70,"G","nocturnal only"
"Oligoryzomys flavescens",21.15,30,0,70,"G","nocturnal only"
"Oligoryzomys fornesi",26.65,20,0,80,"G","nocturnal only"
"Oligoryzomys fulvescens",25,30,0,70,"G","nocturnal only"
"Oligoryzomys microtis",26.65,30,0,70,"G","nocturnal only"
"Oligoryzomys moojeni",16.9,20,0,80,"G","nocturnal only"
"Oligoryzomys nigripes",21.49,30,0,70,"G","nocturnal only"
"Oligoryzomys rupestris",13.8,20,0,80,"G","nocturnal only"
"Oligoryzomys stramineus",25,20,0,80,"G","nocturnal only"
"Oxymycterus amazonicus",25.2,79,0,21,"G","diurnal only"
"Oxymycterus angularis",67.99,90,0,10,"G","diurnal only"
"Oxymycterus caparoae",66.4,89,0,11,"G","diurnal only"
"Oxymycterus dasytrichus",83.755,80,0,20,"G","diurnal only"
"Oxymycterus delator",81.49,90,0,10,"G","diurnal only"
"Oxymycterus hispidus",82.01,90,0,10,"G","diurnal only"
"Oxymycterus nasutus",82.01,90,0,10,"G","diurnal only"
"Oxymycterus quaestor",82.01,89,0,11,"G","diurnal only"
"Oxymycterus roberti",83.605,90,0,10,"G","diurnal only"
"Oxymycterus rufus",83.755,90,0,10,"G","diurnal only"
"Ozotoceros bezoarticus",34620.4,0,0,100,"G","mixed"
"Panthera onca",81150,0,100,0,"G","mixed"
"Pecari tajacu",20500,1,0,99,"G","mixed"
"Peropteryx kappleri",9.85,100,0,0,"A","nocturnal only"
"Peropteryx leucoptera",12.8,100,0,0,"A","nocturnal only"
"Peropteryx macrotis",230.99,100,0,0,"A","nocturnal only"
"Peropteryx pallidoptera",6,100,0,0,"A","nocturnal only"
"Phaenomys ferrugineus",93.8,10,1,89,"G","nocturnal only"
"Philander andersoni",329.995,30,60,10,"S","mixed"
"Philander frenatus",510,29,14,57,"S","mixed"
"Philander mcilhennyi",365.5,29,14,57,"S","mixed"
"Philander opossum",510,30,60,10,"S","mixed"
"Phylloderma stenops",55.82,10,0,90,"Ar","nocturnal only"
"Phyllomys blainvillii",243.3,0,0,100,"G","nocturnal only"
"Phyllomys brasiliensis",312.49,0,0,100,"G","nocturnal only"
"Phyllomys dasythrix",260,0,0,100,"G","nocturnal only"
"Phyllomys kerri",180,0,0,100,"G","nocturnal only"
"Phyllomys lamarum",215.19,0,0,100,"G","nocturnal only"
"Phyllomys lundi",173.5,0,0,100,"G","nocturnal only"
"Phyllomys mantiqueirensis",207,0,0,100,"G","nocturnal only"
"Phyllomys medius",269.633,0,0,100,"G","nocturnal only"
"Phyllomys nigrispinus",224.3,0,0,100,"G","nocturnal only"
"Phyllomys pattoni",229.9,10,0,90,"G","nocturnal only"
"Phyllomys sulinus",190,0,0,100,"G","nocturnal only"
"Phyllomys thomasi",502.14,0,0,100,"G","nocturnal only"
"Phyllomys unicolor",439,0,0,100,"G","nocturnal only"
"Phyllostomus discolor",40.05,30,0,70,"S","nocturnal only"
"Phyllostomus elongatus",35.6,70,10,20,"S","nocturnal only"
"Phyllostomus hastatus",82.6,40,50,10,"S","nocturnal only"
"Phyllostomus latifolius",134,70,10,20,"S","nocturnal only"
"Pithecia albicans",2800.07,0,30,70,"Ar","diurnal only"
"Pithecia cazuzai",2018.11,0,30,70,"Ar","diurnal only"
"Pithecia chrysocephala",1900,1,27,72,"Ar","diurnal only"
"Pithecia hirsuta",2018.11,0,30,70,"Ar","diurnal only"
"Pithecia inusta",2018.11,1,29,70,"Ar","diurnal only"
"Pithecia mittermeieri",2018.11,0,30,70,"Ar","diurnal only"
"Pithecia monachus",2018.11,0,30,70,"Ar","diurnal only"
"Pithecia pissinattii",2018.11,0,30,70,"Ar","diurnal only"
"Pithecia pithecia",1480,0,30,70,"Ar","diurnal only"
"Pithecia rylandsi",2018.11,0,30,70,"Ar","diurnal only"
"Pithecia vanzolinii",2241,0,30,70,"Ar","diurnal only"
"Platyrrhinus brachycephalus",14.26,10,0,90,"Ar","nocturnal only"
"Platyrrhinus fusciventris",13.44,10,0,90,"Ar","nocturnal only"
"Platyrrhinus incarum",13.44,10,0,90,"Ar","nocturnal only"
"Platyrrhinus infuscus",50.76,10,0,90,"Ar","nocturnal only"
"Platyrrhinus lineatus",22,10,0,90,"Ar","nocturnal only"
"Platyrrhinus recifinus",10.82,10,0,90,"Ar","nocturnal only"
"Plecturocebus baptista",904.065,10,0,90,"Ar","diurnal only"
"Plecturocebus bernhardi",1050,20,0,80,"Ar","diurnal only"
"Plecturocebus brunneus",958.13,20,0,80,"Ar","diurnal only"
"Plecturocebus caligatus",992.4,20,0,80,"Ar","diurnal only"
"Plecturocebus cinerascens",992.4,20,0,80,"Ar","diurnal only"
"Plecturocebus cupreus",1.037,20,0,80,"Ar","diurnal only"
"Plecturocebus donacophilus",846.335,20,0,80,"Ar","diurnal only"
"Plecturocebus dubius",992.4,20,0,80,"Ar","diurnal only"
"Plecturocebus grovesi",1050,20,0,80,"Ar","diurnal only"
"Plecturocebus hoffmannsi",904.065,20,0,80,"Ar","diurnal only"
"Plecturocebus miltoni",1300,20,0,80,"Ar","diurnal only"
"Plecturocebus moloch",850,20,0,80,"Ar","diurnal only"
"Plecturocebus pallescens",846.335,20,0,80,"Ar","diurnal only"
"Plecturocebus parecis",1020,20,0,80,"Ar","diurnal only"
"Plecturocebus stephennashi",1050,20,0,80,"Ar","diurnal only"
"Plecturocebus toppini",1.037,20,0,80,"Ar","diurnal only"
"Plecturocebus vieirai",850,20,0,80,"Ar","diurnal only"
"Podoxymys roraimae",33.79,62,0,38,"G","mixed"
"Potos flavus",2.42,10,10,80,"Ar","nocturnal only"
"Priodontes maximus",45190,90,10,0,"G","nocturnal only"
"Procyon cancrivorus",6270,50,30,20,"G","nocturnal only"
"Proechimys brevicauda",285,0,0,100,"G","nocturnal only"
"Proechimys cuvieri",339.85,0,0,100,"G","nocturnal only"
"Proechimys echinothrix",309.6,0,0,100,"G","nocturnal only"
"Proechimys gardneri",145,0,0,100,"G","nocturnal only"
"Proechimys goeldii",320.745,0,0,100,"G","nocturnal only"
"Proechimys guyannensis",335.265,0,0,100,"G","nocturnal only"
"Proechimys hoplomyoides",320.745,0,0,100,"G","nocturnal only"
"Proechimys kulinae",149.5,0,0,100,"G","nocturnal only"
"Proechimys longicaudatus",280.75,0,0,100,"G","nocturnal only"
"Proechimys pattoni",356.5,0,0,100,"G","nocturnal only"
"Proechimys quadruplicatus",320.745,0,0,100,"G","nocturnal only"
"Proechimys roberti",284.99,0,0,100,"G","nocturnal only"
"Proechimys simonsi",320.745,0,0,100,"G","nocturnal only"
"Proechimys steerei",284.99,0,0,100,"G","nocturnal only"
"Promops centralis",29.8,100,0,0,"A","nocturnal only"
"Promops nasutus",15.5,100,0,0,"A","nocturnal only"
"Pseudoryzomys simplex",45.2,20,0,80,"G","mixed"
"Pteronotus gymnonotus",13.6,100,0,0,"A","nocturnal only"
"Pteronotus personatus",10.995,100,0,0,"A","nocturnal only"
"Pteronotus rubiginosus",19.395,99,0,1,"A","nocturnal only"
"Puma concolor",48000,0,100,0,"G","mixed"
"Pygoderma bilabiatum",18,0,0,100,"Ar","nocturnal only"
"Reithrodon typicus",75.45,0,0,100,"G","nocturnal only"
"Rhagomys rufescens",21.2,6,0,94,"Ar","nocturnal only"
"Rhinophylla fischerae",9.55,10,0,90,"Ar","nocturnal only"
"Rhinophylla pumilio",9.54,10,0,90,"Ar","nocturnal only"
"Rhipidomys cariri",92.6,20,0,80,"G","nocturnal only"
"Rhipidomys emiliae",87.5,20,0,80,"Ar","nocturnal only"
"Rhipidomys gardneri",71.1,20,0,80,"Ar","nocturnal only"
"Rhipidomys ipukensis",89.495,20,0,80,"Ar","nocturnal only"
"Rhipidomys itoan",77,0,0,100,"Ar","nocturnal only"
"Rhipidomys leucodactylus",80,20,0,80,"Ar","nocturnal only"
"Rhipidomys macconnelli",41.59,20,0,80,"Ar","nocturnal only"
"Rhipidomys macrurus",87.5,20,0,80,"Ar","nocturnal only"
"Rhipidomys mastacalis",87.5,20,0,80,"Ar","nocturnal only"
"Rhipidomys nitela",89.495,20,0,80,"Ar","nocturnal only"
"Rhipidomys tribei",50,0,0,100,"Ar","nocturnal only"
"Rhipidomys wetzeli",57.5,20,0,80,"Ar","nocturnal only"
"Rhogeessa hussoni",5.8,100,0,0,"A","nocturnal only"
"Rhogeessa io",4.475,100,0,0,"A","nocturnal only"
"Rhynchonycteris naso",4.14,100,0,0,"A","nocturnal only"
"Saccopteryx bilineata",7.9,100,0,0,"A","mixed"
"Saccopteryx canescens",3.41,100,0,0,"A","mixed"
"Saccopteryx gymnura",6.11,100,0,0,"A","mixed"
"Saccopteryx leptura",4.72,100,0,0,"A","mixed"
"Saguinus bicolor",465,40,0,60,"Ar","diurnal only"
"Saguinus imperator",482.15,40,0,60,"Ar","diurnal only"
"Saguinus inustus",803,40,0,60,"Ar","diurnal only"
"Saguinus labiatus",501.33,40,0,60,"Ar","diurnal only"
"Saguinus martinsi",465,10,20,70,"Ar","diurnal only"
"Saguinus melanoleucus",393.99,34,7,59,"Ar","diurnal only"
"Saguinus midas",547.18,40,0,60,"Ar","diurnal only"
"Saguinus mystax",543.5,40,0,60,"Ar","diurnal only"
"Saguinus niger",547.18,10,20,70,"Ar","diurnal only"
"Saguinus ursulus",547.18,10,20,70,"Ar","diurnal only"
"Saimiri boliviensis",799.725,20,20,60,"Ar","diurnal only"
"Saimiri cassiquiarensis",836.7,20,20,60,"Ar","diurnal only"
"Saimiri collinsi",836.7,20,20,60,"Ar","diurnal only"
"Saimiri sciureus",836.7,20,20,60,"Ar","diurnal only"
"Saimiri ustus",886.47,20,20,60,"Ar","diurnal only"
"Saimiri vanzolinii",799.45,20,20,60,"Ar","diurnal only"
"Sapajus apella",2642.5,26,16,58,"Ar","diurnal only"
"Sapajus cay",2725,0,0,100,"Ar","diurnal only"
"Sapajus flavius",2500,29,14,57,"Ar","diurnal only"
"Sapajus libidinosus",2642.5,20,10,70,"Ar","diurnal only"
"Sapajus nigritus",2642.5,20,10,70,"Ar","diurnal only"
"Sapajus robustus",3200,33,22,45,"Ar","diurnal only"
"Sapajus xanthosternos",2642.5,20,10,70,"Ar","diurnal only"
"Scapteromys tumidus",146,70,0,30,"G","mixed"
"Sciurillus pusillus",36.955,0,0,100,"Ar","diurnal only"
"Sciurus aestuans",177.34,0,0,100,"Ar","diurnal only"
"Sciurus gilvigularis",490.17,0,0,100,"Ar","diurnal only"
"Sciurus ignitus",190,0,0,100,"Ar","diurnal only"
"Sciurus igniventris",700,0,0,100,"Ar","diurnal only"
"Sciurus spadiceus",403.32,0,0,100,"Ar","diurnal only"
"Scleronycteris ega",49.54,30,0,70,"Ar","nocturnal only"
"Scolomys ucayalensis",26.5,50,0,50,"G","mixed"
"Sigmodon alstoni",55.7,50,0,50,"G","mixed"
"Sooretamys angouya",120.17,20,0,80,"G","mixed"
"Speothos venaticus",6000,0,100,0,"G","mixed"
"Sphaeronycteris toxophyllum",16.53,0,0,100,"Ar","nocturnal only"
"Sturnira lilium",20,0,0,100,"Ar","nocturnal only"
"Sturnira magna",43.1,0,0,100,"Ar","nocturnal only"
"Sturnira tildae",22.445,0,0,100,"Ar","nocturnal only"
"Sylvilagus brasiliensis",968.37,0,0,100,"G","mixed"
"Sylvilagus tapetillus",968.37,0,0,100,"G","mixed"
"Tadarida brasiliensis",12.5,100,0,0,"A","nocturnal only"
"Tamandua tetradactyla",4500,100,0,0,"S","mixed"
"Tapirus terrestris",225000,0,0,100,"G","nocturnal only"
"Tayassu pecari",31798.71,0,0,100,"G","mixed"
"Thalpomys cerradensis",23.99,61,0,39,"G","mixed"
"Thalpomys lasiotis",23.99,61,0,39,"G","mixed"
"Thaptomys nigrita",19.9,100,0,0,"G","mixed"
"Thrichomys apereoides",348.25,65,0,35,"G","nocturnal only"
"Thrichomys inermis",348.25,13,0,87,"G","nocturnal only"
"Thrichomys laurentius",404.3,22,0,78,"G","nocturnal only"
"Thrichomys pachyurus",373.5,0,0,100,"G","nocturnal only"
"Thylamys karimii",24.88,80,20,0,"S","nocturnal only"
"Thylamys macrurus",37.415,80,10,10,"S","nocturnal only"
"Thylamys velutinus",22.345,80,10,10,"S","nocturnal only"
"Thyroptera devivoi",5,100,0,0,"A","nocturnal only"
"Thyroptera discifera",3.13,100,0,0,"A","nocturnal only"
"Thyroptera lavali",5.6,100,0,0,"A","nocturnal only"
"Thyroptera tricolor",4.52,100,0,0,"A","nocturnal only"
"Thyroptera wynneae",3.8,100,0,0,"A","nocturnal only"
"Tolypeutes matacus",1225,80,0,20,"G","mixed"
"Tolypeutes tricinctus",1465.72,80,0,20,"G","mixed"
"Tonatia bidens",27.55,90,0,10,"A","nocturnal only"
"Tonatia saurophila",27.55,56,33,11,"A","nocturnal only"
"Toromys grandis",584,0,0,100,"S","nocturnal only"
"Trachops cirrhosus",36.9,50,40,10,"G","nocturnal only"
"Trinomys albispinus",284.99,0,0,100,"G","nocturnal only"
"Trinomys dimidiatus",167.6,0,0,100,"G","nocturnal only"
"Trinomys eliasi",200,20,0,80,"G","nocturnal only"
"Trinomys gratiosus",203.498,20,0,80,"G","nocturnal only"
"Trinomys iheringi",220.39,0,0,100,"G","nocturnal only"
"Trinomys mirapitanga",242.2,20,0,80,"G","nocturnal only"
"Trinomys moojeni",207,20,0,80,"G","nocturnal only"
"Trinomys paratus",178.9,20,0,80,"G","nocturnal only"
"Trinomys setosus",284.99,0,0,100,"G","nocturnal only"
"Trinomys yonenagae",200.2,0,0,100,"G","nocturnal only"
"Trinycteris nicefori",8.25,80,0,20,"S","nocturnal only"
"Uroderma bilobatum",16.24,10,0,90,"Ar","nocturnal only"
"Uroderma magnirostrum",17.3,10,0,90,"Ar","nocturnal only"
"Vampyressa pusilla",8.785,0,0,100,"Ar","nocturnal only"
"Vampyressa thyone",8.77,0,0,100,"Ar","nocturnal only"
"Vampyriscus bidens",11.91,0,0,100,"Ar","nocturnal only"
"Vampyriscus brocki",48,0,0,100,"Ar","nocturnal only"
"Vampyrodes caraccioli",35.89,0,0,100,"Ar","nocturnal only"
"Vampyrum spectrum",171.61,10,80,10,"G","nocturnal only"
"Wiedomys cerradensis",51.9,20,0,80,"G","mixed"
"Wiedomys pyrrhorhinos",46.85,50,0,50,"Ar","nocturnal only"
"Wilfredomys oenax",46.8,0,0,100,"G","nocturnal only"
"Xeronycteris vieirai",13.3,0,0,100,"Ar","nocturnal only"
"Zygodontomys brevicauda",55.11,0,0,100,"G","nocturnal only"
